Company,Symbol,Exchange
MIC Electronics,MICEL,NSE
ASM Technologies,ASMTEC,BSE
Syrma SGS Technology,SYRMA,NSE
Avalon Technologies,AVALON,NSE
Moschip Technologies,MOSCHIP,NSE
Sahasra Electronic Solutions,SAHASRA-SM,NSE
Motisons Jewellers,MOTISONS,NSE
Sera Investments & Finance,SERA,BSE
Premier Polyfilm,PREMIERPOL,NSE
GACM Technologies,GATECH,NSE
Tembo Global Industries,TEMBO,NSE
UY Fincorp,UYFINCORP,BSE
Bhatia Communications & Retail,BHATIA,BSE
Radhika Jeweltech,RADHIKAJWE,NSE
GTV Engineering,GTV,BSE
Anlon Healthcare,AHCL,NSE
STL Networks,STLNETWORK,NSE
Kaushalya Logistics,KLL,NSE
Quint Digital,QUINT,NSE
Fedders Holding,FEDDERSHOL,NSE
Aaradhya Disposal Industries,AARADHYA-SM,NSE
PVP Ventures,PVP,NSE
Pasupati Acrylon,PASUPTAC,NSE
Sigma Solve,SIGMA,NSE
GenXAI Analytics,GENXAI-SM,NSE
Shukra Pharmaceuticals,SHUKRAPHAR,NSE
Websol Energy System,WEBELSOLAR,NSE
Ardee Industries,ARDEE,NSE
GM Polyplast,GMPL,BSE
Manugraph India,MANUGRAPH,NSE
Vodafone Idea,IDEA,NSE
PCS Technology,PCS,BSE
RKEC Projects,RKEC,NSE
Tuni Textile Mills,TUNITEX,BSE
Grand Foundry,GFSTEELS,NSE
Magnus Steel And Infra,MAGNUS,BSE
Apex Ecotech,APEXECO-SM,NSE
Effwa Infra & Research,EFFWA,NSE
Aeroflex Industries,AEROFLEX,NSE
Venus Pipes & Tubes,VENUSPIPES,NSE
String Metaverse,META,BSE
iStreet Network,ISTRNETWK,BSE
Sarthak Global,SARTHAKGL,BSE
